,connection-close-rate,connection-creation-rate,select-rate,io-wait-time-ns-avg,io-wait-ratio,io-time-ns-avg,io-ratio,connection-count,network-io-rate,outgoing-byte-rate,request-rate,request-size-avg,request-size-max,incoming-byte-rate,response-rate,request-latency-avg,request-latency-max,bufferpool-wait-ratio,batch-size-avg,batch-size-max,compression-rate-avg,record-queue-time-avg,record-queue-time-max,produce-throttle-time-avg,produce-throttle-time-max,record-send-rate,records-per-request-avg,byte-rate,record-retry-rate,record-error-rate,record-size-max,record-size-avg,requests-in-flight,metadata-age
0,0.0,3.333665150871543e-06,3.33366665553372e-06,0.0,0.0,0.0,0.0,1.0,1.6668325804023094e-05,0.0003967061541357496,1.0000995482413855e-05,39.666666666666664,41.0,0.010731071762622224,6.667332564536952e-06,66.76459312438965,102.89978981018066,0.0,0.0,-inf,0.0,0.0,-inf,0.0,-inf,0.0,0.0,0.0,0.0,0.0,-inf,0.0,1.0,1620167177.041926
0,3.333666646753753e-06,6.667330195244023e-06,0.053445342967819345,872943.5875268277,4.6654769426929936e-05,751065.413752002,4.0140948629242886e-05,2.0,0.021085431805285923,6.253125659161561,0.011854513122465887,527.4890326209223,14756.0,0.7779043472091043,0.009230921788153358,37.663896084502824,121.8864917755127,0.0,452.9487756825218,14687.0,1.0,0.004583506929079244,0.12198638916015625,0.0,0.0,0.03539020512193784,2.9887387387387387,5.364959743620277,0.0,0.0,156.0,140.00731775963973,3.0,24.9601640625
0,6.667333280815081e-06,6.667330182551609e-06,0.09425275566695306,969325.5900274146,9.136160799857901e-05,852708.0663526475,8.037008503317608e-05,2.0,0.04258423800284223,11.045689272048174,0.023782366832024147,464.44869638351554,14756.0,1.553348445784125,0.018801877495874014,37.20392032398016,197.00241088867188,0.0,389.20575035063115,14687.0,1.0,0.004200083343377454,0.16900277137756348,0.0,0.0,0.057659098212488824,2.426146724645813,9.25104827279662,0.0,0.03840050603085446,157.0,141.92089761570827,5.0,29.884073486328123
0,1.0000999852287938e-05,6.667330136595198e-06,0.13589691784670227,1021316.3020960848,0.00013879373760144939,878996.0261606576,0.00011945285075473263,2.0,0.06418305375117517,16.068902407101792,0.0358102302703539,448.72379445168497,14756.0,2.3357265554835354,0.028372833025599686,37.03538128214308,197.00241088867188,0.0,373.25649622799665,14687.0,1.0,0.004111022359445307,0.16900277137756348,0.0,0.0,0.08148814679644213,2.2768256333830106,13.360185687673674,0.0,0.05997266244755334,157.0,142.57828071155816,5.0,29.868068359375
0,1.3334666279998333e-05,6.667330041735827e-06,0.1775644138158285,1037016.23791723,0.0001841371804032687,899916.0162211539,0.00015979305990378482,2.0,0.08595188548914187,20.626965702790315,0.04798477445334942,429.8648047797694,14756.0,3.1381666238624715,0.03796712368027578,36.79797417608413,197.00241088867188,0.0,352.04628030669335,14687.0,1.0,0.003986101844836608,0.16900277137756348,0.0,0.0,0.101823511371141,2.1231753093285137,16.99027830810835,0.0,0.08308497164428191,157.0,142.50825447261172,3.0,3.524884765625
0,1.6668332405830902e-05,6.667329864069184e-06,0.21449143220349418,1051953.5999799382,0.00022563503427131852,949225.6742141753,0.00020360077434652583,2.0,0.10606388379364327,24.518978968904392,0.05927922999806905,413.61837813519287,14756.0,3.931009017007329,0.04678466953419595,36.802981336737176,197.00241088867188,0.0,324.7495807411415,14687.0,1.0,0.003881008314834855,0.16900277137756348,0.0,0.0,0.1181784767573411,1.9944863283447734,20.011986551774655,0.0,0.10343033624466191,158.0,140.82504733567757,5.0,29.8809833984375
0,2.0001998678394194e-05,6.667329794534955e-06,0.2510817515554609,1073279.6839932562,0.00026948094296591835,982082.9234950132,0.0002465831006038356,2.0,0.12612254401284695,28.329494287759506,0.0705470165305386,401.56899158869675,14756.0,4.716420676610054,0.05557554617822935,36.82621687083004,198.96292686462402,0.0,306.76055773342836,14687.0,1.0,0.0038026063912100054,0.16900277137756348,0.0,0.0,0.13401005703117733,1.9004822239031771,22.956163793523945,0.0,0.11980863801695271,158.0,139.7943692088382,5.0,29.900132080078127
0,2.3335664835214418e-05,6.667329711798229e-06,0.28211484942883736,1106955.600360148,0.00031228861151707036,1032885.4113303758,0.0002913923113588809,2.0,0.1444810348211543,31.691898319695916,0.0809013787041941,391.7349596176034,14756.0,5.42223104658466,0.06357967750551496,36.986099379150595,198.96292686462402,0.0,294.7809938031638,14687.0,1.0,0.003725814918443772,0.16900277137756348,0.0,0.0,0.14776476292842378,1.8273075813167332,25.53156748254335,0.0,0.1366769885009012,158.0,139.13506023632655,3.0,29.88367529296875
0,2.666933007019794e-05,6.667329419286725e-06,0.3075740459304352,1159593.4194985286,0.0003566608396694709,1086438.5535169875,0.0003341603015600295,2.0,0.15937917657822978,34.32063834371229,0.0894355570967966,383.74712986432087,14756.0,5.992054328321407,0.06994364301086015,37.41706651721396,313.08889389038086,0.0,286.55821703811705,14687.0,1.0,0.0036495675198412567,0.16900277137756348,0.0,0.0,0.1582091327813865,1.7696983256889287,27.5180680732585,0.0,0.1514384566323917,158.0,138.74290078455877,4.0,29.88819775390625
0,3.0002996298546686e-05,6.667329412525398e-06,0.33538015548384587,1195432.2107164983,0.00040092424070049685,1127587.5489353884,0.0003781667284830875,2.0,0.17607750298002825,37.278348986734585,0.09891649945896093,376.86684416284714,14756.0,6.633218272801892,0.07716102947846284,37.55917214516373,313.08889389038086,0.0,278.991029568044,14687.0,1.0,0.0035602275584648273,0.16900277137756348,0.0,0.0,0.16996364036501158,1.7189480782198248,29.756435008631485,0.0,0.16243288829407637,158.0,138.40066887541414,4.0,29.8012421875
0,3.333666125753931e-05,6.667329153245348e-06,0.36274287363671087,1227571.9057175752,0.0004452929606756867,1166598.8103416928,0.00042317540484451384,2.0,0.19271248241961456,40.21988649294641,0.10842410701313908,370.9496679375231,14756.0,7.268194656917527,0.0842884037615579,37.664043979966785,313.08889389038086,0.0,272.96861394872377,14687.0,1.0,0.003499390896249366,0.1829991340637207,0.0,0.0,0.1816314651955772,1.6759151030452168,31.979645789725417,0.0,0.17377734780330095,158.0,138.15701562188772,5.0,29.867668212890624
0,3.6670327661720686e-05,6.667329203868472e-06,0.389902254161352,1254664.0097244384,0.000489196325606679,1201616.1254725994,0.0004685088301714459,2.0,0.2092674623453584,43.148754517366605,0.11788504800485175,366.0239805440869,14756.0,7.904751516550919,0.0913824450820638,37.73997587089295,313.08889389038086,0.0,267.75240158713586,14687.0,1.0,0.0034296334854082957,0.1829991340637207,0.0,0.0,0.1932259574480595,1.6397533099468145,34.193610397781924,0.0,0.1860219048956069,158.0,137.93781977654797,5.0,29.851429931640624
0,4.000399306107363e-05,6.667329056378228e-06,0.41417466792137453,1286150.9363035655,0.0005326911369402942,1241686.6389291876,0.0005142710119723325,2.0,0.22453897496521982,45.830743356074855,0.12669592077133365,361.73811340613076,14756.0,8.491656515719864,0.09784308710883807,37.87097723614978,313.08889389038086,0.0,263.55353633385903,14687.0,1.0,0.003372063226640825,0.1829991340637207,0.0,0.0,0.20377033897620492,1.6090184000631762,36.211477717975136,0.0,0.19828645827901298,158.0,137.75188644910833,4.0,29.849638427734376
0,4.333765808280674e-05,6.667328914477207e-06,0.43795036474674714,1316675.6046728287,0.0005766385613196092,1278565.249393799,0.0005599438550150781,2.0,0.2401038495835727,48.45216610075335,0.13567347648495282,357.1233475846479,14756.0,9.092789581265404,0.10443040822958208,37.995315637997436,313.08889389038086,0.0,258.8468531626676,14687.0,1.0,0.0033334295354825153,0.1829991340637207,0.0,0.0,0.2147547634535705,1.5835402276246897,38.15697097169562,0.0,0.20893751629078752,158.0,136.70331757841652,3.0,29.83629248046875
0,4.667132310954307e-05,6.667328774529705e-06,0.46090597888595203,1344307.724464431,0.0006195994676682251,1316516.3623769146,0.0006067902627207044,2.0,0.25538536214053853,51.01018578564232,0.14455102192689914,352.8870644127211,14756.0,9.690228922668679,0.11083437749893114,38.14197806250956,313.08889389038086,0.0,254.43342794204864,14687.0,1.0,0.003312901123230774,0.1829991340637207,0.0,0.0,0.2257125188020071,1.5621207576771337,40.045031864401864,0.0,0.2182584417931116,158.0,135.4926713547403,3.0,29.832429931640625
0,5.000498743807429e-05,6.667328560147943e-06,0.4804912505512621,1384426.747785822,0.0006652049393402262,1353708.1333707806,0.000650444913884741,2.0,0.26838331099559687,53.07992629021525,0.15212510254589132,348.9228628404882,14756.0,10.186471376908912,0.1162582475596157,38.39282393324879,313.08889389038086,0.0,250.9069973427812,14687.0,1.0,0.003270777625847155,0.1829991340637207,0.0,0.0,0.2343667087905958,1.54122547407651,41.55099758049696,0.0,0.22801607538596036,158.0,134.55801594331265,4.0,29.831414794921876
0,5.333865231800137e-05,6.667328441488318e-06,0.5007632632760614,1414991.2479106102,0.0007085756348107835,1392111.5621471058,0.0006971183287051201,2.0,0.2822446820902876,55.33863954404508,0.16020923559788627,345.4147904615257,14756.0,10.71910090992596,0.12203548754580586,38.53665554192297,313.08889389038086,0.0,247.67485858431434,14687.0,1.0,0.0032535592882007363,0.1829991340637207,0.0,0.0,0.24401766702331654,1.5237203105809862,43.20540848728517,0.0,0.2353768053478003,158.0,133.62308897722062,4.0,29.814336669921875
0,5.667231751897502e-05,6.667328374558801e-06,0.5227454498218385,1437718.129560635,0.0007515606103541865,1424362.3756169118,0.0007445789507511652,2.0,0.29691280172472867,57.680164716683635,0.16869340937154262,341.92304804063,14756.0,11.277013029060571,0.12821943548690398,38.630138107910454,313.08889389038086,0.0,244.5003811113934,14687.0,1.0,0.0032144347957887864,0.1829991340637207,0.0,0.0,0.253928651960562,1.5058914238266576,44.912678137251625,0.0,0.24297756005300605,158.0,132.74509092228956,3.0,29.819225830078125
0,6.000598181022412e-05,6.667328213985483e-06,0.542744097236549,1467229.8673670893,0.0007963303498026525,1455706.4476885512,0.0007900760817921464,2.0,0.3103474609652084,59.8606828215961,0.17652084806012505,339.1139544106816,14756.0,11.796757797678378,0.13382665687863418,38.776271129074146,313.08889389038086,0.0,241.79016240012479,14687.0,1.0,0.0031994840087499216,0.1829991340637207,0.0,0.0,0.26326290964203286,1.4920176084943981,46.50652593453452,0.0,0.2515084045781764,158.0,131.94271799226996,3.0,29.806236328125
0,6.333964181516458e-05,6.667327619124658e-06,0.5630460705763719,1493020.6103843718,0.0008406393879664568,1486925.5139502957,0.0008372075650798591,2.0,0.32390877661435546,62.104323235164664,0.1844316165352305,336.733605668426,14756.0,12.330633183159323,0.13947720653084278,38.90717646487094,313.08889389038086,0.0,239.2679355298249,14687.0,1.0,0.003195992545946949,0.1829991340637207,0.0,0.0,0.2728971771824999,1.4802806459196036,48.15268207804543,0.0,0.2596091863571828,158.0,131.20783846013683,1.0,29.842741455078126
0,6.667330591362382e-05,6.667327493101411e-06,0.5805177995154882,1529457.0798205435,0.0008878770584308063,1517381.016820278,0.0008808666889110818,2.0,0.33539991053983237,63.98859903231267,0.19118228277058788,334.69941934471393,14756.0,12.775627204746783,0.14421767580325653,39.129611699276474,313.08889389038086,0.0,237.38494352223162,14687.0,1.0,0.0032004035592804805,0.1829991340637207,0.0,0.0,0.28096797751234825,1.470248582642826,49.53213551793799,0.0,0.2680766938569977,159.0,130.64609927944912,5.0,29.760177978515625
0,7.000697036694978e-05,6.667327412877176e-06,0.6000964083152253,1554652.5404995529,0.0009329414057319219,1545010.2611781445,0.0009271551085431725,2.0,0.34854454253780565,66.08101229791879,0.19885304068156923,332.31079631181893,14756.0,13.277993716424653,0.1496915522132844,39.23223409881663,313.08889389038086,0.0,235.31843395153732,14687.0,1.0,0.0031759092402999277,0.1829991340637207,0.0,0.0,0.28978885237004615,1.4578874987421595,51.05427980551532,0.0,0.27493070637550704,159.0,130.07014335981316,3.0,29.807766357421876
0,7.334062532694802e-05,6.667326476917067e-06,0.6164046119969295,1588602.5582909856,0.0009792219435606846,1576420.1635716176,0.0009717126592704992,2.0,0.3597022645014534,67.83799690187125,0.20534365511117722,330.3632482101401,14756.0,13.70058710421561,0.15435866080189817,39.40822795750499,313.08889389038086,0.0,233.67783666299462,14687.0,1.0,0.0031665390875956585,0.1829991340637207,0.0,0.0,0.29716954550286157,1.4477684661859287,52.32878602089173,0.0,0.2826714373900534,159.0,129.62772798999612,2.0,29.817112548828124
0,7.667429074363032e-05,6.667326531620818e-06,0.635023134797458,1612464.286504932,0.0010239521259653083,1604290.2118591322,0.0010187560512939034,2.0,0.3725435383908846,69.88534008995674,0.21285106649294502,328.3297624081818,14756.0,14.192152746066787,0.15969252561936204,39.50169704675357,313.08889389038086,0.0,231.8685491863321,14687.0,1.0,0.0031484288191159435,0.1829991340637207,0.0,0.0,0.30587041308099555,1.437600864891967,53.81663105550979,0.0,0.2882053232855012,159.0,129.09651982821768,5.0,29.7893759765625
0,8.000795208248903e-05,6.667326219748124e-06,0.6536582902886754,1635685.7310388207,0.001069179538400418,1628706.6445166578,0.0010646121710748558,2.0,0.3851447675575568,71.88415122267045,0.22020178371573984,326.4467254064856,14756.0,14.675023346565709,0.16494303932953774,39.579034091662834,313.08889389038086,0.0,230.1697696697072,14687.0,1.0,0.003130572406934517,0.1829991340637207,0.0,0.0,0.3143745772882396,1.4282706812467816,55.266952677531876,0.0,0.2959527464441009,159.0,128.58889027725715,3.0,29.79303515625
0,8.334160547200455e-05,6.667325339501395e-06,0.6695597821020273,1667376.1093881438,0.0011164079844840516,1655224.1548621624,0.001108271524459522,2.0,0.3958591085617275,73.5554968523392,0.2264290365294802,324.8501074762227,14756.0,15.080638234685425,0.16943012846654906,39.71101329217848,313.08889389038086,0.0,228.81826654240447,14687.0,1.0,0.003118469518779,0.1829991340637207,0.0,0.0,0.32143190291654367,1.420154947418034,56.47566535037771,0.0,0.3029634032053048,159.0,128.19865742804274,2.0,29.80260546875
0,8.667527083672309e-05,6.667325427642725e-06,0.6858714099745694,1697838.4822792597,0.0011644988737499588,1679055.9500301299,0.0011516164680380019,2.0,0.40692020535714996,75.3069172937621,0.2328730087923033,323.3819053754205,14756.0,15.503557028914411,0.17404725511526722,39.82509176078594,313.08889389038086,0.0,227.50235746838104,14687.0,1.0,0.003108916012299333,0.1829991340637207,0.0,0.0,0.3287893041670545,1.412468135078624,57.74658892223112,0.0,0.3090206751535933,159.0,127.83186456705323,2.0,29.781802001953125
0,9.000893349659698e-05,6.667325308896391e-06,0.7034131385642903,1718836.684960608,0.0012090523072475817,1704933.4726877657,0.0011992726050666163,2.0,0.41920474638327854,77.29896940607068,0.2400637149861546,321.99355662945067,14756.0,15.97560687684309,0.17914109026194341,39.90261492141832,313.08889389038086,0.0,226.25933239903173,14687.0,1.0,0.003104736422532561,0.1829991340637207,0.0,0.0,0.33723346970832113,1.405331814456191,59.202859091831726,0.0,0.31469123243896896,159.0,127.48776914256594,4.0,29.77634423828125
0,9.334259922314406e-05,6.667325417679819e-06,0.7190280332171493,1747675.2865008125,0.001256627523954897,1729139.6162536636,0.001243299857432728,2.0,0.4298858085739309,78.9964053084212,0.2462743333493532,320.7658883248731,14756.0,16.382424190237355,0.1836115369924735,40.01702663523254,313.08889389038086,0.0,225.19995528116965,14687.0,1.0,0.003098904046251432,0.1829991340637207,0.0,0.0,0.3443208465486306,1.3987053789068848,60.43690587637032,0.0,0.3215352502120214,159.0,127.22185508614585,2.0,29.744151123046876
0,9.667625940666383e-05,6.6673251366835524e-06,0.7366464175393145,1769614.4229404232,0.001303580125084964,1749517.3299053428,0.0012887756734977177,2.0,0.44180029903462037,80.90440681709217,0.25321500761182747,319.5087352054452,14756.0,16.841375592384974,0.1885853548639046,40.068094015061824,313.08889389038086,0.0,224.0084186877959,14687.0,1.0,0.003093493026239836,0.1829991340637207,0.0,0.0,0.3524216346648582,1.3923557147749124,61.826484550740666,0.0,0.3276358420342893,159.0,126.87252391535414,2.0,29.7525029296875
0,0.00010000992195578995,6.6673250321273114e-06,0.7526479932867759,1795871.9547940076,0.0013516594229757094,1770837.162344528,0.0013328170366762575,2.0,0.45244467802827426,82.62675256376862,0.25944895341074636,318.47017102034,14756.0,17.254009603516042,0.19299578954233237,40.16704347266472,313.08889389038086,0.0,223.0083322530082,14687.0,1.0,0.003097437647292065,0.1829991340637207,0.0,0.0,0.3597323544277873,1.3871121166156772,63.08119139286544,0.0,0.33403313823373665,159.0,126.58831363213162,4.0,29.725710693359375
0,0.00010334358072653811,6.667324690550544e-06,0.769596301740575,1816012.3264822217,0.0013975963703760155,1792637.108269297,0.00137960688888697,2.0,0.46414247605330067,84.49648953485843,0.2662796142846206,317.3224122389704,14756.0,17.703806597820925,0.19786292833081234,40.2313197450394,313.08889389038086,0.0,221.9658387589422,14687.0,1.0,0.0030984497369269965,0.1829991340637207,0.0,0.0,0.36771646098374305,1.3815285188246786,64.44085297628396,0.0,0.3400603854078697,159.0,126.27351958386441,3.0,29.733584228515625
0,0.00010667724012456498,6.667324409527206e-06,0.7867079651230529,1836627.4905551607,0.0014448894757837095,1811585.301801567,0.0014251885864271423,2.0,0.47585694551244545,86.34664516690825,0.2731136106012386,316.1565070917657,14756.0,18.149863340648256,0.20274340311515368,40.28731263189517,313.08889389038086,0.0,220.9760467642415,14687.0,1.0,0.003093706367918235,0.1829991340637207,0.0,0.0,0.375463881273422,1.3753235969325452,65.78298683573854,0.0,0.34698772548767093,159.0,126.01045924366454,3.0,29.73384912109375
0,0.00011001090827252543,6.667324675834097e-06,0.8033296444649172,1858548.7114021499,0.0014930272755514188,1829613.5944849674,0.0014697828383657878,2.0,0.4870780719820313,88.13454507152356,0.27962426407531915,315.18918918918916,14756.0,18.578966560034946,0.20745387769529028,40.3578356925444,313.08889389038086,0.0,220.09898499365622,14687.0,1.0,0.0030963865066860772,0.1829991340637207,0.0,0.0,0.382971306062809,1.3701799792469258,67.08401824404751,0.0,0.35343837778625586,159.0,125.77864549153432,1.0,29.661096923828126
0,0.0001133445686835298,6.6673244713612376e-06,0.8183644432974053,1882089.7176615014,0.0015402353040298254,1851571.1333583319,0.001515259979776337,2.0,0.4969757002515957,89.70956776684685,0.2854014921714781,314.32760594309207,14756.0,18.957216707279994,0.2115742785488121,40.45302876076932,313.08889389038086,0.0,219.35104228069235,14687.0,1.0,0.003097671573488258,0.1829991340637207,0.0,0.0,0.389565281265344,1.3655623721881391,68.22859297365987,0.0,0.3590822597187635,159.0,125.58351642462891,1.0,29.6583984375
0,0.00011667822949839046,6.66732430165002e-06,0.8330292088870838,1906905.5704429252,0.0015885080387684433,1871388.3399062692,0.0015589211483126324,2.0,0.5069266691513541,91.27405980273225,0.29119872340437797,313.44251353733785,14756.0,19.336230403177662,0.21572801760090354,40.52975654329104,313.08889389038086,0.0,218.59099218356027,14687.0,1.0,0.0030922042204364246,0.1829991340637207,0.0,0.0,0.3960825838641642,1.360771019206762,69.36142349760473,0.0,0.36517952146846,159.0,125.37673348461927,2.0,29.642734130859374
0,0.00012001189000064049,6.667324123999965e-06,0.8483840410791436,1929981.7987451234,0.0016373657576285818,1889561.8517116187,0.0016030741196240922,2.0,0.5174076891985112,92.89937764659268,0.2972559796301253,312.52315853220887,14756.0,19.729085491357615,0.22015178362860047,40.59499789349549,313.08889389038086,0.0,217.85897264293732,14687.0,1.0,0.0030900314165659363,0.1829991340637207,0.0,0.0,0.40279990546202804,1.355653042219704,70.53737815125625,0.0,0.37043669923312933,159.0,125.20228987984308,1.0,29.647488525390624
0,0.00012334555098379106,6.667323981947214e-06,0.8643189345127504,1951843.0985123266,0.0016870149472422392,1905272.474125954,0.0016467567177820706,2.0,0.5281454017241408,94.57581396727588,0.3034765855818128,311.64122196102556,14756.0,20.13537519712404,0.2246688917221195,40.64482870180918,313.08889389038086,0.0,217.0929355281207,14687.0,1.0,0.003087918324379331,0.1829991340637207,0.0,0.0,0.4098505952485158,1.3510962140776965,71.75198028768462,0.0,0.3761505893781451,159.0,124.98009965302994,2.0,29.630447998046876
0,0.0001266792146453477,6.667323988339534e-06,0.8783669933254853,1978597.6232919677,0.0017379348395626677,1923419.4696701502,0.0016894681708306254,2.0,0.5377196794643958,96.1307673561765,0.3090604697052986,311.0419376759538,14756.0,20.503348284284936,0.2286592866812784,40.74145287420616,313.08889389038086,0.0,216.54793597971636,14687.0,1.0,0.003104125548538717,0.1829991340637207,0.0,0.0,0.4163845761568142,1.3478547071265161,72.88859293642236,0.0,0.38214785168157756,159.0,124.842286665082,2.0,29.6152021484375
0,0.00013001287149667974,6.6673236451620795e-06,0.892368334088969,2003964.2714507852,0.0017882742584883517,1942220.1965930448,0.0017331758012676854,2.0,0.5474506124736322,97.7314737969766,0.3148143551534686,310.44160533700426,14756.0,20.88556175614259,0.2326363355802412,40.81963518996111,313.08889389038086,0.0,215.93293157076207,14687.0,1.0,0.00312075662205045,0.1829991340637207,0.0,0.0,0.4232685695158443,1.3450997425656563,74.05793160589278,0.0,0.38740168542362446,159.0,124.63155132192846,4.0,29.6128359375
0,0.00013334653425379296,6.667323614432282e-06,0.9060730198511473,2029043.4054580643,0.001838461485792444,1961044.8303856489,0.0017768432740678016,2.0,0.5568882065547733,99.28864011596839,0.32043824118801506,309.8526559996671,14756.0,21.25729508050224,0.2364500449097872,40.94057358156693,313.08889389038086,0.0,215.36382905591202,14687.0,1.0,0.0031465726810385973,0.1829991340637207,0.0,0.0,0.42997923193095583,1.3424473610258225,75.19526386249827,0.0,0.39350562127080757,159.0,124.43148487626031,2.0,29.563920166015624
0,0.00013668018866497546,6.667323178083305e-06,0.9187375466453271,2053890.0966366483,0.0018869859484630883,1983084.1335972466,0.0018219338516924086,2.0,0.5659823989507278,100.77025917695686,0.3257887459945454,309.3116641255743,14756.0,21.61184531572609,0.24019373186766202,41.04202715994971,313.08889389038086,0.0,214.83131308389278,14687.0,1.0,0.003162252132357927,0.1829991340637207,0.0,0.0,0.4363431666972714,1.3399465618377815,76.27624254734577,0.0,0.39914948718897086,159.0,124.24338763438337,3.0,29.58875390625
0,0.00014001384855634442,6.667323023473869e-06,0.9317354774415189,2077354.3777452444,0.0019355447729636945,2004192.9079171056,0.0018673776359430503,2.0,0.574823256181556,102.1741353841828,0.33095924854835307,308.72119704264793,14756.0,21.94867149290761,0.243864089670348,41.13737512357933,313.08889389038086,0.0,214.3503434377051,14687.0,1.0,0.0031730457767744327,0.1840059757232666,0.0,0.0,0.4422437401786651,1.3368536676307277,77.29594829985645,0.0,0.40396662104153686,159.0,124.10296659918093,2.0,29.590843994140624
0,0.00014334750041941188,6.667322502646544e-06,0.9451700655642645,2099819.477299654,0.0019846865130324336,2022884.074058434,0.0019119694729067167,2.0,0.5842374706802158,103.66665088696719,0.33650310137247463,308.07041737252456,14756.0,22.310062116278914,0.24773445264688992,41.21456002302407,313.08889389038086,0.0,213.7984049905427,14687.0,1.0,0.0031783210364869983,0.1840059757232666,0.0,0.0,0.44856099656828163,1.3336009356168728,78.37768915893075,0.0,0.4087103915890743,159.0,123.91991306561908,2.0,29.61816015625
0,0.00014668114902937544,6.6673218576249685e-06,0.9584012803234017,2121597.4691623277,0.0020333417307760635,2041656.7918223813,0.00195671967706899,2.0,0.593498324246745,105.10626233230144,0.3418669292683546,307.44787908337395,14756.0,22.658400897309853,0.2516314787777783,41.281619431533116,313.08889389038086,0.0,213.28134540148076,14687.0,1.0,0.0031857332182946125,0.1840059757232666,0.0,0.0,0.4546382183542466,1.330478132347346,79.4188841133875,0.0,0.41359416620230505,159.0,123.7597561303145,2.0,29.624469482421876
0,0.00015001480694135086,6.6673216546933825e-06,0.9712291838063268,2145897.853576614,0.0020841586208609634,2059166.042684068,0.0019999152903934793,2.0,0.6022658341846325,106.51541090377025,0.3469840882482618,306.9749147331508,14756.0,22.995410172661632,0.2552818318144858,41.34685015623887,313.08889389038086,0.0,212.8470033076075,14687.0,1.0,0.0031966905919824703,0.1840059757232666,0.0,0.0,0.4605454557761434,1.3278801976201005,80.4463700461833,0.0,0.41893801579393536,159.0,123.65071664829107,5.0,29.65629248046875
0,0.0001533484685506329,6.66732162133722e-06,0.9842537976133122,2168956.9017778724,0.0021348040674344744,2075686.521942666,0.0020430023418768367,2.0,0.6114333984281916,107.98758130285765,0.35237128123778233,306.4596550647581,14756.0,23.347037975041932,0.25906220232633215,41.415228607248615,313.08889389038086,0.0,212.40920422859426,14687.0,1.0,0.003205538172947232,0.1840059757232666,0.0,0.0,0.46668939164695256,1.3250388066482415,81.51724506574568,0.0,0.42418519684079337,159.0,123.5354018814986,5.0,29.620690185546874
0,0.00015668212683218568,6.6673214477951014e-06,0.9969016864895347,2189986.189726399,0.002183200918585015,2095301.2874510405,0.002088802395112313,2.0,0.6201575705682073,109.38630584961875,0.3574884412508387,305.98557387444515,14756.0,23.683403765825776,0.26266921679365424,41.48525102058368,313.08889389038086,0.0,211.99035859848615,14687.0,1.0,0.0032181094826772352,0.1840059757232666,0.0,0.0,0.47260996203756106,1.3226447483813184,82.53457637021206,0.0,0.42889231542821366,159.0,123.40490461348769,2.0,29.61055126953125
0,0.00016001578423836525,6.667321245010055e-06,1.0095695722522053,2212335.880257409,0.002233506988309679,2112418.788593101,0.0021326337328174587,2.0,0.6289984217890485,110.82194717554133,0.3626989431486302,305.5480289340895,14756.0,24.026383661008822,0.2662995682249508,41.55419544919449,313.08889389038086,0.0,211.59560300447296,14687.0,1.0,0.0032328038368962344,0.1840059757232666,0.0,0.0,0.47871721992792804,1.320493250450583,83.58145434569309,0.0,0.43375945202973765,159.0,123.2898725630855,0.0,29.594444580078125
0,0.00016334943849511763,6.667320921954017e-06,1.0219474102132573,2234823.918716993,0.002283872516015474,2129706.8325123773,0.0021764412822768376,2.0,0.6376192372895537,112.18694242223252,0.3677594221693847,305.0552498708268,14756.0,24.35586494032446,0.26985990500279133,41.615067015989766,313.08889389038086,0.0,211.1825984166757,14687.0,1.0,0.00323815096761064,0.1840059757232666,0.0,0.0,0.4844477616933922,1.3179039776540367,84.57077783099047,0.0,0.4390399516051339,159.0,123.17200962314884,5.0,29.57631884765625
0,0.00016668309005543548,6.667320503962943e-06,1.0344652460409618,2256874.267377352,0.002334657994286028,2145813.1856372636,0.0022197620116228382,2.0,0.6459800172524857,113.51632576087738,0.37262987675628095,304.63559913399774,14756.0,24.673921378658715,0.27335023245260637,41.6834061416541,313.08889389038086,0.0,210.84535929988905,14687.0,1.0,0.00324707307881771,0.1840059757232666,0.0,0.0,0.4899516069800828,1.3154592485186976,85.53784781978982,0.0,0.44391707131802727,159.0,123.1025103742964,2.0,29.5954970703125
0,0.0001700167477165439,6.667320341610142e-06,1.0474098291369933,2277871.7024406334,0.0023858652063501614,2161071.64996337,0.0022635276835622034,2.0,0.6550275540727352,115.00389530459539,0.37797039061100984,304.26694302346095,14756.0,25.025882025703915,0.27705725666518627,41.742271595085,313.08889389038086,0.0,210.4871570557216,14687.0,1.0,0.0032628728090168388,0.1840059757232666,0.0,0.0,0.496302220393688,1.3136967686144398,86.62610289658312,0.0,0.44839750165421827,159.0,122.97339878334265,3.0,29.59579345703125
0,0.00017335040593695867,6.667320207013442e-06,1.0596276777862932,2297801.415805353,0.0024348139782438827,2179220.842866651,0.002309162721110278,2.0,0.6637017256448365,116.43580355236668,0.3831008852487449,303.929872344869,14756.0,25.366584989548002,0.2806009324915966,41.8233787807959,313.08889389038086,0.0,210.1296510838214,14687.0,1.0,0.003280356513635627,0.1840059757232666,0.0,0.0,0.5024894864834184,1.3122649394066026,87.67402436802126,0.0,0.4536746790730696,159.0,122.84008341389752,3.0,29.546439453125
0,0.0001766840580788032,6.667319848116064e-06,1.071872159174892,2320185.3684777217,0.002486942100596208,2194583.1012129653,0.002352312527185872,2.0,0.6722958652280464,117.86658079275485,0.38816802905398695,303.6483480620754,14756.0,25.70514691007632,0.28412793081610677,41.89070848327697,313.08889389038086,0.0,209.8173468824647,14687.0,1.0,0.0032977757523876276,0.1840059757232666,0.0,0.0,0.5086567332186527,1.311033398348556,88.72440305049881,0.0,0.45837844950304496,159.0,122.72735657918595,0.0,29.6196630859375
0,0.0001800176741093138,6.667318143263163e-06,1.0830596499879912,2343999.365171374,0.0025386911320145816,2211842.1875828677,0.0023955570255121735,2.0,0.6805198302742754,119.24683552835675,0.39305174035279505,303.38712002985477,14756.0,26.03182912115339,0.28746818662719903,41.98996570697647,313.08889389038086,0.0,209.51448852359493,14687.0,1.0,0.00331815691554156,0.1840059757232666,0.0,0.0,0.514613854652295,1.3099103074325185,89.7375798306186,0.0,0.46363551660940494,159.0,122.61551513453351,0.0,29.675713134765626
0,0.00018335132510572132,6.667317814683345e-06,1.0943673727299494,2366311.7663220144,0.002589614390769789,2228858.453290113,0.00243918253945685,2.0,0.6885072435025805,120.53620891300334,0.397742179078963,303.05111012396173,14756.0,26.34026473235205,0.2907651622384502,42.072792994659416,313.08889389038086,0.0,209.21133108742134,14687.0,1.0,0.003326802003080511,0.1840059757232666,0.0,0.0,0.5200876997410269,1.3082354322323129,90.67690424528544,0.0,0.46801925724495225,159.0,122.52305905517868,1.0,29.619782958984374
0,0.00018668498030994312,6.667317627103309e-06,1.1067618910038202,2384460.7641993407,0.0026390303044096764,2244755.3009473784,0.00248440962171737,2.0,0.6970980629200605,121.91212652997638,0.4027793263710675,302.6772193805764,14756.0,26.669832858110173,0.2943188345771791,42.130749859900924,313.08889389038086,0.0,208.89026372557956,14687.0,1.0,0.0033350057742170675,0.1840059757232666,0.0,0.0,0.5259182570610662,1.3063495743764697,91.67839660286745,0.0,0.4724830152860166,159.0,122.419416340048,3.0,29.623406494140625
0,0.00019001856403587966,6.667314938097352e-06,1.1190559789288264,2405079.095127048,0.0026914181411986544,2258761.5476476387,0.0025276806065645707,2.0,0.7058119601034006,123.32051723817789,0.4078796585282245,302.3453478488296,14756.0,27.00786841883177,0.29793240180106006,42.19051116983205,313.08889389038086,0.0,208.55786797462088,14687.0,1.0,0.003347319362491441,0.1840059757232666,0.0,0.0,0.5319686325351098,1.3048686749746508,92.70468594657153,0.0,0.4773833003143366,159.0,122.30110696125635,1.0,29.765944091796875
0,0.00019335221555824735,6.667314679621536e-06,1.1310371054326998,2426249.9587626187,0.0027441787304150794,2272205.2171857017,0.002569948411794795,2.0,0.714166077903317,124.65017500106657,0.41277678527214623,301.9796157356183,14756.0,27.32807859662644,0.30138939401999937,42.258457730456094,313.08889389038086,0.0,208.23620086559555,14687.0,1.0,0.0033588599224354055,0.1840059757232666,0.0,0.0,0.5376791730152652,1.303221531823434,93.67101398566423,0.0,0.4826871361739639,159.0,122.17818076717852,3.0,29.740100830078124
0,0.00019668585847818244,6.667314138299998e-06,1.1426314781230658,2446847.4837252866,0.0027958449570707287,2286839.7563105,0.0026130150909836588,2.0,0.7219767809311691,125.88200160822986,0.41729719074698496,301.66031299679656,14756.0,27.62472528576984,0.3046796901860875,42.31505523993455,313.08889389038086,0.0,207.95925458917367,14687.0,1.0,0.0033642266455385164,0.1840059757232666,0.0,0.0,0.5428529621155305,1.3015121966814795,94.56691253423162,0.0,0.4870441807052395,159.0,122.09898979531992,2.0,29.76833740234375
0,0.00020001952717492135,6.667314474248507e-06,1.1535325997829196,2467552.3447291614,0.0028464020713158686,2303021.7924986896,0.002656603029321443,2.0,0.7295308822018906,127.08167409307372,0.42172764229170606,301.33588920683604,14756.0,27.91401155240663,0.3078033434566931,42.39772618397861,313.08889389038086,0.0,207.6870062317274,14687.0,1.0,0.0033742428382871376,0.1840059757232666,0.0,0.0,0.5478734850601874,1.2997429712523232,95.4366501466422,0.0,0.49138797077410923,159.0,122.02712506257119,2.0,29.66288916015625
0,0.00020335317272090407,6.667314018148627e-06,1.1646502720149265,2488415.314692675,0.002898133573142933,2317905.3448148062,0.002699549090343416,2.0,0.7373182575219295,128.30353112809564,0.42624805376431657,301.0067260014703,14756.0,28.209198402641256,0.311070307364363,42.45410055912927,313.08889389038086,0.0,207.41099450131367,14687.0,1.0,0.003381319957072279,0.1840059757232666,0.0,0.0,0.5529772769678234,1.2979522531475207,96.32138293969867,0.0,0.49550167014950475,159.0,121.95226336266923,1.0,29.74555908203125
0,0.00020668682585478867,6.667313864809394e-06,1.175741326849625,2508175.9203704153,0.0029489660845885926,2333490.244490922,0.002743580907231762,2.0,0.744855636463297,129.45456281992074,0.43058179657113865,300.65033833480436,14756.0,28.488821659174015,0.3142739456153986,42.508247587821174,313.08889389038086,0.0,207.1533742767376,14687.0,1.0,0.003389030918242762,0.1840059757232666,0.0,0.0,0.557737730419205,1.295953461711258,97.1519787269479,0.0,0.4994987152759835,159.0,121.89304246456547,0.0,29.691754150390626
0,0.0002100204803592479,6.667313738553331e-06,1.1866923723434706,2526236.467616256,0.0029978655468561244,2350285.9573500785,0.00278906641841331,2.0,0.7522496757643046,130.58574681204996,0.43487220478701827,300.2853375648721,14756.0,28.764691318004868,0.31737757523808247,42.56532550817616,313.08889389038086,0.0,206.88939891018148,14687.0,1.0,0.0033923261521898924,0.1840059757232666,0.0,0.0,0.5624315108696084,1.2939701190330102,97.96616595350467,0.0,0.5040091456196548,159.0,121.82093324509653,1.0,29.680466796875
0,0.00021335413570968927,6.667313620545403e-06,1.1967266628675648,2545354.2220690227,0.0030460932639925285,2369069.123819241,0.0028351202889838026,2.0,0.759363686104202,131.65938578503903,0.4390025993392518,299.9057089484235,14756.0,29.029256572050432,0.3203611934958903,42.63295569003306,313.08889389038086,0.0,206.61689897171877,14687.0,1.0,0.0033960822068563657,0.1840059757232666,0.0,0.0,0.5669486080252448,1.2920940268344199,98.73531254367524,0.0,0.5075761511467128,159.0,121.73016338091053,2.0,29.67102880859375
0,0.00021668778015367817,6.667313214173165e-06,1.2069742549626286,2565579.4764389386,0.0030965883771222986,2385075.99604982,0.0028787253233614808,2.0,0.7663343158072332,132.71662695455794,0.44300962635636976,299.5795545187749,14756.0,29.287066554027525,0.3233247956597805,42.69355019840527,313.08889389038086,0.0,206.37939952149802,14687.0,1.0,0.003400309155516176,0.1840059757232666,0.0,0.0,0.5713490002662992,1.290348810070545,99.4969473905525,0.0,0.5111831382642561,159.0,121.6669017687978,1.0,29.652443359375
0,0.00022002143461027449,6.667313102063752e-06,1.217558598994415,2585026.9296727334,0.003147421766855168,2400456.3191155647,0.002922696232849638,2.0,0.7736883492949779,133.84618091013488,0.4472600310119365,299.25808519360487,14756.0,29.560542668876664,0.32642842551777135,42.747123647691836,313.08889389038086,0.0,206.1483554502045,14687.0,1.0,0.0034100292661090447,0.1840059757232666,0.0,0.0,0.5760661168427302,1.2886418040672052,100.31262851026827,0.0,0.515296863739913,159.0,121.60445169113567,1.0,29.640701171875
0,0.00022335509108454917,6.667313053530036e-06,1.229083045945991,2603516.982413662,0.003199938582917099,2412423.657388169,0.0029650690169348184,2.0,0.7813557536974339,135.02193392706258,0.4516971260964379,298.9213925134321,14756.0,29.846293685651727,0.32965873849974014,42.784710302114796,313.08889389038086,0.0,205.8994293623922,14687.0,1.0,0.003416218474301173,0.1840059757232666,0.0,0.0,0.5809899275319144,1.2868925694285482,101.16069405793941,0.0,0.5192805813613364,159.0,121.533386710454,1.0,29.64813525390625
0,0.00022668874937666932,6.667313059889776e-06,1.2400707840004144,2622312.709625247,0.003251853377719231,2425459.520610774,0.0030077414892850716,2.0,0.7885897891342796,136.11669352892548,0.45584086160636583,298.6057306254982,14756.0,30.113239584770135,0.3327490383586033,42.82859475104258,313.08889389038086,0.0,205.66243888660986,14687.0,1.0,0.003420589241136758,0.1840059757232666,0.0,0.0,0.585543701009064,1.2851926918320906,101.94925994860141,0.0,0.5234443172754322,159.0,121.46981486089348,2.0,29.618239990234375
0,0.00023002240315419202,6.667312935207401e-06,1.2510251609072467,2640728.70753998,0.0033036180562625887,2438463.7878588336,0.0030505714235683455,2.0,0.7959304859507581,137.23378260080955,0.4600312592741578,298.3140380880605,14756.0,30.38380200552304,0.335899338560951,42.87176307322674,313.08889389038086,0.0,205.44939079663004,14687.0,1.0,0.003426265599593636,0.1840059757232666,0.0,0.0,0.5901974806405073,1.2836013514493279,102.75661769470422,0.0,0.5270479970390277,159.0,121.41693771995308,2.0,29.5590947265625
0,0.00023335604531187447,6.667312482092249e-06,1.2604759955957423,2661509.778009242,0.003354769187224002,2453480.5475800685,0.0030925533358857737,2.0,0.8021977029389782,138.1712636250424,0.4636149069358975,298.03024354466424,14756.0,30.612478834188718,0.33858290990394785,42.946204029553975,350.5551815032959,0.0,205.2594886044127,14687.0,1.0,0.003432019830779257,0.1840059757232666,0.0,0.0,0.594104485460561,1.2821243318297253,103.43005924164429,0.0,0.5315750667067946,159.0,121.36287254804671,2.0,29.545208251953124
0,0.00023668969493441453,6.667312252018392e-06,1.2706469415307036,2680409.432105551,0.0034058540469549675,2468054.7975672726,0.0031360262800590338,2.0,0.8092150240947499,139.2405261891779,0.4676786193113337,297.7269441870411,14756.0,30.872679726816042,0.341536518539878,43.00433997244042,350.5551815032959,0.0,205.05589414226765,14687.0,1.0,0.00343510977906616,0.1840059757232666,0.0,0.0,0.5984815594493718,1.2803511699722574,104.19972089721368,0.0,0.5347653587376239,159.0,121.3220604732633,1.0,29.56899658203125
0,0.00024002335172070233,6.667312227328281e-06,1.2805145633755168,2698359.445011742,0.0034552885665594117,2483666.9143744963,0.003180371643939508,2.0,0.8156989795677823,140.19736785996037,0.47137564066560755,297.42174980021076,14756.0,31.10884922660941,0.3443234547341834,43.059632729590014,350.5551815032959,0.0,204.83895960154953,14687.0,1.0,0.00343556430346876,0.1840059757232666,0.0,0.0,0.6024486078498532,1.2787334158853707,104.88433676874874,0.0,0.5383623733655182,159.0,121.25891467821218,2.0,29.571101806640623
0,0.00024335699329081442,6.667311786433474e-06,1.2902854285310035,2715493.808966794,0.0035037620929760063,2500527.3167962767,0.0032263856246045755,2.0,0.8225429238872679,141.23052568898183,0.475325993294705,297.12350614374685,14756.0,31.36074839781633,0.3472170462438709,43.1238627424413,350.5551815032959,0.0,204.63891239060936,14687.0,1.0,0.0034385723851650743,0.1840059757232666,0.0,0.0,0.6067489880911952,1.2771524805276824,105.6278224623248,0.0,0.5420660329524727,159.0,121.20508283010948,3.0,29.5737041015625
0,0.0002466906412468484,6.667311530047064e-06,1.3005163730746747,2732875.6584126195,0.0035541495393428433,2515505.136576837,0.0032714472308396367,2.0,0.829500231859339,142.29677005575445,0.47932636035078446,296.86823290491293,14756.0,31.618072062446977,0.3501739853775545,43.180034772545746,350.5551815032959,0.0,204.4591450407108,14687.0,1.0,0.003445799323658869,0.1840059757232666,0.0,0.0,0.6111493883194608,1.2756909844963398,106.3979291974694,0.0,0.5452463175350841,159.0,121.16755818348378,2.0,29.55308447265625
0,0.00025002425304210583,6.667310316211146e-06,1.3106037813669555,2750249.771151465,0.0036044877497747145,2530165.1529873293,0.0033160355822861756,2.0,0.8364574163923291,143.3563559682133,0.4833033236871373,296.6177738537837,14756.0,31.874544485512118,0.353154210331154,43.2344900254274,350.5551815032959,0.0,204.2831278596848,14687.0,1.0,0.0034517503278656664,0.1840059757232666,0.0,0.0,0.6155163672992146,1.2742286112587216,107.16370410365191,0.0,0.5488399001645038,159.0,121.12955007625825,1.0,29.61061279296875
0,0.00025335790608881477,6.667310219881787e-06,1.3200113413977157,2770113.568381054,0.003656581327222688,2544121.8679110496,0.003358269719540527,2.0,0.842674673891487,144.28863769794702,0.48688366391270427,296.35136356478216,14756.0,32.10224952070737,0.35579112966853477,43.28908463271938,350.5551815032959,0.0,204.11009237991874,14687.0,1.0,0.0034560324831653297,0.1840059757232666,0.0,0.0,0.6193267299245044,1.2727011159598007,107.8322944082582,0.0,0.5523802373507941,159.0,121.09379969206694,2.0,29.574028564453126
0,0.0002566915458306655,6.667309780474076e-06,1.32971886182452,2789390.1688067466,0.003709104720450213,2556952.8069626843,0.0034000198408851586,2.0,0.849208579130624,145.29168446023877,0.49061065636879775,296.14457528419706,14756.0,32.34384390509258,0.35859804216098545,43.337681735286644,350.5551815032959,0.0,203.95754808565542,14687.0,1.0,0.0034636983019524525,0.1840059757232666,0.0,0.0,0.6234170814361412,1.2713780678496158,108.5587669957975,0.0,0.5555571718620926,159.0,121.07625436074733,2.0,29.58988916015625
0,0.00026002519854005385,6.667309684833883e-06,1.3399965052681824,2807091.361124702,0.0037614926138756057,2569483.4509793627,0.0034430902678410334,2.0,0.8562092422222607,146.37824051864465,0.49465770637002976,295.91824535155644,14756.0,32.60724571514978,0.36155165747984064,43.37666514839203,350.5551815032959,0.0,203.77216165004813,14687.0,1.0,0.0034751129962078764,0.1840059757232666,0.0,0.0,0.6279208464912223,1.27008893953595,109.34454898751068,0.0,0.5596842342590429,159.0,121.03445469512006,3.0,29.58330029296875
0,0.0002633588396583865,6.667309298170785e-06,1.3491606483231888,2828282.8332749205,0.0038158079009825373,2582291.0726267905,0.003483925497704343,2.0,0.862326451612268,147.2834630860672,0.4981246801145072,295.67589996185325,14756.0,32.827511791480596,0.36420189280486653,43.428283176389954,350.5551815032959,0.0,203.62606532995144,14687.0,1.0,0.003479711116561262,0.1840059757232666,0.0,0.0,0.6316178368037675,1.2686786034739055,109.995198978412,0.0,0.5628678433828157,159.0,121.00804744536809,1.0,29.561370361328127
0,0.00026669248178420743,6.667308924113243e-06,1.35831145825951,2849129.2510318467,0.0038700049077388934,2594655.2256416897,0.003524349923222021,2.0,0.8681869677947321,148.21453451605345,0.5015916528189762,295.4884390182304,14756.0,33.05197164682986,0.36659543579652215,43.54898729449395,350.5551815032959,0.0,203.48056684380535,14687.0,1.0,0.00349924939330608,0.1840059757232666,0.0,0.0,0.6355548427370279,1.2677665396559405,110.66954733615741,0.0,0.5660481158315946,159.0,120.96468259076059,2.0,29.560686279296874
0,0.0002700261325663356,6.667308816974548e-06,1.367622337397845,2868831.2476186235,0.003923477689481341,2607140.390300501,0.003565574736848649,2.0,0.8742908735268295,149.11815531741266,0.5050619771548771,295.24724099693736,14756.0,33.273605859102574,0.3692290183038346,43.59501068090307,350.5551815032959,0.0,203.31574108463886,14687.0,1.0,0.0035045188691773866,0.1840059757232666,0.0,0.0,0.6393085256278898,1.2664870362298741,111.31868378759562,0.0,0.5696884516196458,159.0,120.91930053154245,1.0,29.577599365234374
0,0.00027335979016853383,6.667308857086442e-06,1.3778366674050557,2886328.6761264806,0.003976889470833914,2618017.9284706526,0.00360720108569268,2.0,0.8811348699555377,150.1359109281956,0.5089290194914863,295.00363543468006,14756.0,33.52147669465365,0.3722059756758062,43.63335335761835,350.5551815032959,0.0,203.14381810599605,14687.0,1.0,0.0035116576072910465,0.1840059757232666,0.0,0.0,0.6435456139082016,1.265205138288111,112.05075396384728,0.0,0.5728721076539404,159.0,120.87142434077325,1.0,29.57212939453125
0,0.0002766934343639709,6.6673085731775976e-06,1.388344291787671,2903005.2886906182,0.00403037082158304,2628340.274179261,0.003649032454550643,2.0,0.8880354997789622,151.19350019603814,0.5128860471741769,294.7896536259108,14756.0,33.77822018514528,0.3751495788067765,43.66230526571232,350.5551815032959,0.0,202.97056318598933,14687.0,1.0,0.003518424158239882,0.1840059757232666,0.0,0.0,0.6479293439029438,1.2639985432410286,112.81518647404044,0.0,0.5769424770112517,159.0,120.8298386613087,1.0,29.489885498046874
0,0.00028002708483676237,6.667308445489169e-06,1.3982752256108095,2919689.4414808434,0.004082529412500125,2640250.0108596743,0.0036917873655819876,2.0,0.8947494594063663,152.20563422071987,0.5167964120395848,294.5175908246465,14756.0,34.027743414516785,0.3779531732537919,43.704391584700694,350.5551815032959,0.0,202.77874362195536,14687.0,1.0,0.003523079995043415,0.1840059757232666,0.0,0.0,0.6521464016587488,1.2626018149195162,113.53964028749832,0.0,0.5805661168707436,159.0,120.76848654441534,4.0,29.538333984375
0,0.00028336073415905763,6.667308293734699e-06,1.407922793240179,2936556.4069164083,0.004134444698933093,2652503.145517703,0.003734510795183544,2.0,0.9013167407199563,153.1938397013272,0.5205434292760625,294.29598201706074,14756.0,34.26879936531286,0.3807734382615862,43.74595970624624,350.5551815032959,0.0,202.62002199309464,14687.0,1.0,0.0035289355132977073,0.1840059757232666,0.0,0.0,0.6562134532775982,1.2613337092547146,114.25091761744096,0.0,0.584139817371877,159.0,120.73480584590645,2.0,29.471092041015623
0,0.0002866943773447881,6.667307980501685e-06,1.4180570397998353,2952258.8481162703,0.00418647144288263,2664233.4800420124,0.0037780350420439897,2.0,0.9080940169580816,154.215370766799,0.5244104417110111,294.0737978996618,14756.0,34.51840518225129,0.38368370128973894,43.78858618760547,350.5551815032959,0.0,202.45360473783992,14687.0,1.0,0.003539120349188927,0.1840059757232666,0.0,0.0,0.6604904936831445,1.2601959038290294,114.98653848092674,0.0,0.5874701039672255,159.0,120.68252011762428,1.0,29.447752685546874
0,0.0002900280349156457,6.667308049243208e-06,1.427231274436907,2971303.3480408653,0.004240737064163012,2675486.3307930287,0.0038185377656362583,2.0,0.9142979564790519,155.15344260019543,0.5279841259927596,293.8600517742139,14756.0,34.74780768382192,0.38631395916089967,43.83878787940168,350.5551815032959,0.0,202.30055043089877,14687.0,1.0,0.0035489166103086825,0.1840059757232666,0.0,0.0,0.6643708843957279,1.2590229387646803,115.66100973041905,0.0,0.5914438333360408,159.0,120.644931254446,1.0,29.404993896484374
0,0.0002933616737027896,6.6673076455088756e-06,1.4362753949150961,2989214.914578363,0.004293335831922134,2687869.846503607,0.003860521325267347,2.0,0.9205051645508209,156.06916124359213,0.5315077661221883,293.63477110081095,14756.0,34.97286729061385,0.3889975266448953,43.88429060185433,350.5551815032959,0.0,202.14019882742798,14687.0,1.0,0.0035557827275368363,0.1840059757232666,0.0,0.0,0.6681878750895816,1.2578649111687072,116.31731534876128,0.0,0.5942740689236232,159.0,120.59585080990892,3.0,29.39165087890625
0,0.0002966953261504106,6.667307601766742e-06,1.4461463388518252,3005525.700791558,0.004346429988524777,2698922.6875439025,0.003903037163435743,2.0,0.9270791238266024,157.06062219954575,0.5352781250951643,293.4187197947287,14756.0,35.21461716730069,0.391801129230531,43.921856190413834,350.5551815032959,0.0,201.98960299194476,14687.0,1.0,0.003562710198763462,0.1840059757232666,0.0,0.0,0.6722615997427618,1.2566224443378178,117.03061387003928,0.0,0.5974577078429317,159.0,120.56408515535098,3.0,29.380213134765626
0,0.0003000289485377522,6.667306847064442e-06,1.4561638082151864,3019364.0717898835,0.004396688685165668,2711419.891833449,0.003948271515362603,2.0,0.9338563363166138,158.08482276743712,0.5391751053683653,293.19755529037883,14756.0,35.46455714705604,0.3946813624069809,43.96142156090299,350.5551815032959,0.0,201.83370279380676,14687.0,1.0,0.0035731144471215647,0.1840059757232666,0.0,0.0,0.6765152673604177,1.2554362955860063,117.7678717511711,0.0,0.601084656797606,159.0,120.52354453522253,1.0,29.368209716796876
0,0.00030336260673072344,6.667306939796008e-06,1.4660214462278467,3033902.4884077027,0.004447766098964126,2723222.5729819797,0.003992293603269448,2.0,0.9405203194804671,159.08466378921906,0.5429621414131199,292.99402602027345,14756.0,35.708391018933206,0.39755831048205714,43.99895310120859,350.5551815032959,0.0,201.67573395068032,14687.0,1.0,0.003580902164144378,0.1840059757232666,0.0,0.0,0.6806723422898225,1.2543432854158987,118.48785913351088,0.0,0.6042949729124919,159.0,120.4781545410184,3.0,29.449242431640624
0,0.00030669624064561684,6.667306481011097e-06,1.475902298013857,3048343.58464827,0.004499057301718181,2734617.2445594724,0.004036027875433647,2.0,0.9473175737364955,160.105794170384,0.5468391427797633,292.78407788534224,14756.0,35.95810606245646,0.4004785643290884,44.03049249326441,350.5551815032959,0.0,201.52569831457825,14687.0,1.0,0.0035871304069711603,0.1840059757232666,0.0,0.0,0.6848660331409759,1.2531261055739225,119.22267849816241,0.0,0.6074985735560082,159.0,120.44808777040848,1.0,29.44004541015625
0,0.00031002989614251655,6.667306473978497e-06,1.4851565220198857,3064160.694264764,0.004550758224252154,2746589.2875816403,0.004079105810029532,2.0,0.9535848344287636,161.05425727139107,0.5504561522741355,292.58326318275687,14756.0,36.18896789192038,0.4031288164145249,44.075294706501346,350.5551815032959,0.0,201.3937938139712,14687.0,1.0,0.0035931497953109437,0.1840059757232666,0.0,0.0,0.6887497333101689,1.2519466511540536,119.90531258778206,0.0,0.6116222956727795,159.0,120.42205312548994,3.0,29.3947265625
0,0.00031336354993055264,6.667306474749044e-06,1.49508414601328,3078614.8928435342,0.004602788317970741,2757228.9830561588,0.004122289339495581,2.0,0.9604655043882661,162.08399051363446,0.5543731985661644,292.3734244960793,14756.0,36.440165782510356,0.4060924392315067,44.11353864280751,350.5551815032959,0.0,201.2424124470345,14687.0,1.0,0.0036028000230245195,0.1840059757232666,0.0,0.0,0.6930068173949032,1.250794223826715,120.6457255898823,0.0,0.6148626163262493,159.0,120.3830310174939,2.0,29.375184814453124
0,0.00031669719521676236,6.667306274743218e-06,1.504081635042553,3095623.8797607194,0.004656071026547274,2768325.234851576,0.004163787145565118,2.0,0.9663627047628524,162.9576327935967,0.5577001677605522,292.1957751025141,14756.0,36.654488654898486,0.4086626744781984,44.15855322634063,350.5551815032959,0.0,201.1112339611585,14687.0,1.0,0.0036076512271435352,0.1840059757232666,0.0,0.0,0.6965938113407405,1.2497637531549421,121.27438963782504,0.0,0.6180495737954004,159.0,120.35407902083598,2.0,29.356644775390624
0,0.00032003081254032675,6.667305451858666e-06,1.5122822388146753,3113824.3843591954,0.004708981311254453,2780576.120796146,0.004205015881152221,2.0,0.9718564451997063,163.78348180895762,0.5608170623065606,292.04439781488327,14756.0,36.854846481613116,0.41103951648412046,44.207800556325694,350.5551815032959,0.0,201.00534991642473,14687.0,1.0,0.003609340184018261,0.1840059757232666,0.0,0.0,0.699954037184644,1.248823833796266,121.86921323499111,0.0,0.620866425008537,159.0,120.33759457200668,1.0,29.4607900390625
0,0.00032336446947021154,6.667305550629764e-06,1.5205630584494403,3130506.428211283,0.004760132428976582,2794125.0799779682,0.0042486433773015865,2.0,0.9774770014264581,164.60985008592297,0.5640107118979768,291.8558931832824,14756.0,37.05828671336444,0.4134664239822206,44.26077647083722,350.5551815032959,0.0,200.87957565483677,14687.0,1.0,0.0036143189855419007,0.1840059757232666,0.0,0.0,0.7033843848054097,1.2478413607115821,122.46128242975189,0.0,0.6236867056613188,159.0,120.2994094165254,0.0,29.384642822265626
0,0.00032669811147315557,6.667305299170993e-06,1.5292971749851723,3147366.063302658,0.004813258029252958,2805260.3587472616,0.004290067361044783,2.0,0.9832408433814351,165.45121723844503,0.5672910010499305,291.65140358815546,14756.0,37.26602849293621,0.41594997905390085,44.30674707576003,350.5551815032959,0.0,200.74258136436555,14687.0,1.0,0.003616499614941166,0.1840059757232666,0.0,0.0,0.7068946819605648,1.2468131144456465,123.06369748789001,0.0,0.626843644269692,159.0,120.25412327686995,2.0,29.37159033203125
0,0.0003300317473727832,6.667304907250236e-06,1.5385513084774212,3162565.432815228,0.0048657691848033304,2815937.9995784573,0.004332465093842727,2.0,0.9894347151945714,166.37635663846243,0.5708046411721972,291.47688129653966,14756.0,37.491778237303045,0.4186302148513673,44.34107272089417,350.5551815032959,0.0,200.61677044820652,14687.0,1.0,0.0036212592026377568,0.1840059757232666,0.0,0.0,0.7107050233984396,1.2458275870129263,123.7282503785613,0.0,0.6300872694555223,159.0,120.2291680179888,1.0,29.3654755859375
0,0.00033336539483889494,6.66730479853802e-06,1.547795505666482,3178092.5082137086,0.004919037300805495,2826153.8682048894,0.0043743082409541615,2.0,0.9955886213860358,167.30774973605287,0.5743416370580569,291.303535980869,14756.0,37.719482703684015,0.42124712463164654,44.3905132418913,350.5551815032959,0.0,200.48883540005588,14687.0,1.0,0.0036315698692931885,0.1840059757232666,0.0,0.0,0.7145787176507972,1.2449066115318497,124.39790942442669,0.0,0.6332542303933704,159.0,120.19517633405687,3.0,29.30145751953125
0,0.0003366990429114739,6.667304682185455e-06,1.5569296901928957,3193134.4833777193,0.004971485865376312,2837036.195946454,0.0044170658708959755,2.0,1.0018625377139,168.2431924355586,0.5778819638865783,291.1376421995062,14756.0,37.94698376449558,0.42398071169064866,44.42652250894818,350.5551815032959,0.0,200.37447860755506,14687.0,1.0,0.00363794734510225,0.1840059757232666,0.0,0.0,0.7184024037647063,1.2439031429478484,125.07174787499432,0.0,0.6366012035717405,159.0,120.17677941027243,2.0,29.363781005859376
0,0.0003400327119524198,6.66730497925838e-06,1.5642871339299125,3212842.3639673507,0.005025807956544786,2849038.431780158,0.004456714148048413,2.0,1.0068230572563754,168.97133020378223,0.580705595225365,290.97589483050604,14756.0,38.12597277784237,0.42611760395965387,44.48068966640117,350.5551815032959,0.0,200.27357878733108,14687.0,1.0,0.0036427572562697922,0.1840059757232666,0.0,0.0,0.7213960594714046,1.2430165832811575,125.59296108598691,0.0,0.639324831511227,159.0,120.15131250199347,2.0,29.301660888671876
0,0.0003433663512692617,6.667304671169892e-06,1.5730645722073122,3228999.360649126,0.005079424497917202,2859792.8052689536,0.0044986387458219555,2.0,1.0126735739550228,169.8417662557367,0.5840158851649203,290.81703084686166,14756.0,38.33919828574608,0.4286578296255874,44.5212550002409,350.5551815032959,0.0,200.15794927099523,14687.0,1.0,0.003649575264545821,0.1840059757232666,0.0,0.0,0.7249830400880224,1.2421123574969728,126.21972887625815,0.0,0.6421350721581675,159.0,120.12303739651728,1.0,29.2936162109375
0,0.00034669999831788643,6.667304539444382e-06,1.5824021053503805,3243499.5518342494,0.005132520519525533,2869969.196615564,0.004541435731531565,2.0,1.018887481796973,170.7686749155851,0.5875595459847004,290.6406261524757,14756.0,38.564399149170924,0.4313280775195736,44.555199528277235,350.5551815032959,0.0,200.04535707528328,14687.0,1.0,0.0036565523668157223,0.1840059757232666,0.0,0.0,0.728770056339918,1.2410727464716769,126.88629752309096,0.0,0.6453420344168728,159.0,120.10278659574915,2.0,29.313671875
0,0.00035003362477920274,6.667304040412305e-06,1.5917995561978187,3258424.5361899314,0.005186758730611215,2879209.565348091,0.004583114910034489,2.0,1.025087998311698,171.70906536974113,0.591136510625119,290.47277864248497,14756.0,38.794118300721316,0.43395163025829636,44.58358083400252,350.5551815032959,0.0,199.92111285266458,14687.0,1.0,0.003663897773439732,0.1840059757232666,0.0,0.0,0.7326337064002062,1.2401124045661533,127.56192294940121,0.0,0.6485822995163035,159.0,120.07450365726228,3.0,29.32667626953125
0,0.0003533672648661916,6.667303786028828e-06,1.6010270480692075,3272453.947032431,0.005239287265285264,2889792.990213741,0.004626627091653671,2.0,1.0315152366291107,172.6790075991682,0.5948701781854893,290.2801551186927,14756.0,39.03438639772899,0.4366452038804844,44.62705736257974,350.5551815032959,0.0,199.7719420313936,14687.0,1.0,0.0036739068886333316,0.1840059757232666,0.0,0.0,0.7367107341168359,1.2391819981271412,128.25724398133468,0.0,0.6517759103554598,159.0,120.02067117718227,3.0,29.24926611328125
0,0.00035670088766214073,6.667303213203477e-06,1.6100577767943398,3286793.2435599472,0.005291927022508786,2900653.182911051,0.004670209545157684,2.0,1.0377657482272624,173.63816491699757,0.5984338006484132,290.15433979711776,14756.0,39.26503527277761,0.4393320919200568,44.66414780978094,350.5551815032959,0.0,199.6778218271544,14687.0,1.0,0.0036860111310829313,0.1840059757232666,0.0,0.0,0.7406643859025731,1.2384158746969147,128.95232717391602,0.0,0.6549494965331173,159.0,120.00584342511434,3.0,29.260869384765623
0,0.0003600345550462758,6.667303476692382e-06,1.6185753244590027,3301788.979099768,0.005344194150282381,2911801.5628619757,0.0047129701436197866,2.0,1.0436830176047363,174.5495715818628,0.6018408163643569,290.026144514914,14756.0,39.48518779359953,0.44184234840721054,44.7157279982947,350.5551815032959,0.0,199.5817150483817,14687.0,1.0,0.00369633908040598,0.1840059757232666,0.0,0.0,0.744411441431982,1.2376444506027435,129.61082503244646,0.0,0.6585531993938583,159.0,119.99123739123739,2.0,29.254373046875
0,0.00036336818540693534,6.667303056017435e-06,1.627619423012201,3316117.78127766,0.005397377709803645,2922055.54616527,0.004755994345964293,2.0,1.049836872427376,175.49551751843794,0.6053877835899768,289.88942670389156,14756.0,39.71513732782179,0.44444923689457727,44.752474819138,350.5551815032959,0.0,199.47572676792421,14687.0,1.0,0.0037073661265528204,0.1840059757232666,0.0,0.0,0.7483184333494671,1.2368531252755004,130.2940819472722,0.0,0.6613600914961065,159.0,119.9661981463335,0.0,29.24256298828125
0,0.0003667018121970675,6.667302578072501e-06,1.6365501621707021,3329695.829323464,0.005449214231305943,2932634.1899121157,0.004799393166716067,2.0,1.0560507232260454,176.43582404500296,0.6089614123778456,289.73235488939133,14756.0,39.94478299412375,0.4470894562435749,44.79744011726277,350.5551815032959,0.0,199.35841761007566,14687.0,1.0,0.0037170546665401386,0.1840059757232666,0.0,0.0,0.7522087500329399,1.2359894609413944,130.97043031971805,0.0,0.6642069813640737,159.0,119.93492127122987,2.0,29.284493896484374
0,0.00037003544244939256,6.667302171120988e-06,1.645784279955582,3342829.836766908,0.005501576795917461,2942627.435510103,0.004842929959630306,2.0,1.0622745854817255,177.36026866881588,0.6124983811171071,289.5685509328805,14756.0,40.17100233224694,0.44977635111850717,44.824693674691666,350.5551815032959,0.0,199.2463883660731,14687.0,1.0,0.0037269315776917635,0.1840059757232666,0.0,0.0,0.7560257137456343,1.2350900505938929,131.63410238961532,0.0,0.6674072295865583,159.0,119.90595370851604,2.0,29.2631474609375
0,0.0003733690920860149,6.6673021175843075e-06,1.6530782985491717,3354749.927736613,0.005545664302600798,2959992.895085477,0.004893090151137635,2.0,1.06746507506541,178.1315373952994,0.6154953284154409,289.41168059534965,14756.0,40.361270336227186,0.4519698951316094,44.89167926778062,350.5551815032959,0.0,199.14732707877133,14687.0,1.0,0.003728051054321307,0.1840059757232666,0.0,0.0,0.7591660360308762,1.2341843840946904,132.1854122716839,0.0,0.6710976020224816,159.0,119.8842085702232,2.0,29.234398193359375
0,0.00037670265468930025,6.667300524583566e-06,1.6599285579644603,3372582.3689965946,0.00559824578838488,2973176.179605919,0.004935260031951164,2.0,1.0719885798680853,178.79667140731314,0.6180854255542041,289.27501510182947,14756.0,40.525976272855345,0.4539033034360285,44.946662278039305,350.5551815032959,0.0,199.061387624431,14687.0,1.0,0.003730193775893152,0.1840059757232666,0.0,0.0,0.7618794421226006,1.2334087094493587,132.66054475473024,0.0,0.6737376871633347,159.0,119.86495422940322,0.0,29.263814697265627
0,0.0003800363420644743,6.667301126314781e-06,1.6674227576233371,3390609.978880674,0.005653580241010417,2983428.0174598456,0.004974635772043621,2.0,1.0769558159509676,179.54318191286552,0.6209057517709979,289.1633414584385,14756.0,40.707693949046366,0.45605021607458507,44.99518376820768,385.91814041137695,0.0,198.98179291935796,14687.0,1.0,0.0037377764689841653,0.22425460815429688,0.0,0.0,0.7649164653600585,1.2327036929589874,133.1985443735583,0.0,0.6761246383303174,159.0,119.85326766300965,0.0,29.216191650390623
0,0.00038337000736308286,6.6673013555901935e-06,1.6690163007059704,3444690.330729274,0.0057492443128713995,2982711.9830482104,0.004978194920018494,2.0,1.0774092330682157,179.60702749570657,0.6211624642187622,289.14662079847153,14756.0,40.724467086607035,0.4562469187314329,44.99916017382112,385.91814041137695,0.0,198.97209763091215,14687.0,1.0,0.003738002645023984,0.22425460815429688,0.0,0.0,0.7651798577465655,1.232624829497245,133.24379838587876,0.0,0.6778715065171833,159.0,119.85050204351873,0.0,29.19640478515625
0,0.0003867036585290512,6.667301359160752e-06,1.6700163972550524,3502470.290723419,0.005849182796626768,2980932.5361452606,0.004978206197639018,2.0,1.077415897303118,179.6072636734254,0.6211657961005048,289.1454500568877,14756.0,40.72552373825027,0.4562502495662998,44.999095434890044,385.91814041137695,0.0,198.97209763091215,14687.0,1.0,0.003738002645023984,0.22425460815429688,0.0,0.0,0.765179845428906,1.232624829497245,133.24379579817727,0.0,0.6780148381114832,159.0,119.85050204351873,0.0,29.207317626953124
0,0.0003867036579115503,6.667301348514193e-06,1.6710098229376302,3560090.5908261025,0.005948946327662136,2979166.1147682434,0.004978215825073569,2.0,1.077415895575651,179.60726398610163,0.6211657971818852,289.1454500568877,14756.0,40.72552367298641,0.4562502503527827,44.999095434890044,385.91814041137695,0.0,198.97209763091215,14687.0,1.0,0.003738002645023984,0.22425460815429688,0.0,0.0,0.7651798544403086,1.232624829497245,133.24379781014716,0.0,0.6780148506323396,159.0,119.85050204351873,0.0,59.20077612304687
0,0.0003867036560659715,6.6673013166939e-06,1.6720065769593182,3617886.1544943075,0.006049129445004539,2977393.8648104933,0.004978222107444257,2.0,1.0774158904660316,179.60726313431843,0.6211657942360211,289.1454500568877,14756.0,40.72552361600899,0.45625024971446154,44.999095434890044,385.91814041137695,0.0,198.97209763091215,14687.0,1.0,0.003738002645023984,0.22425460815429688,0.0,0.0,0.765179850832011,1.232624829497245,133.24379718182,0.0,0.678014847435079,159.0,119.85050204351873,0.0,89.20319140625
0,0.0003867036559684051,6.6673013150117216e-06,1.6730000048817886,3675399.572242714,0.006148943502304584,2975626.0458090957,0.004978222372577435,2.0,1.0774158902222573,179.60726309368079,0.6211657940954771,289.1454500568877,14756.0,40.72552360679449,0.45625024808765224,44.999095434890044,385.91814041137695,0.0,198.97209763091215,14687.0,1.0,0.003738002645023984,0.22425460815429688,0.0,0.0,0.7651798506389539,1.232624829497245,133.24379714820222,0.0,0.678014847264014,159.0,119.85050204351873,0.0,119.20326733398437
0,0.0003867036555101577,6.6673013071109125e-06,1.6739967648945713,3733047.4212846803,0.006249109306428576,2973859.8192391545,0.004978231700003883,2.0,1.0774158889314798,179.60726287850574,0.6211657933513014,289.1454500568877,14756.0,40.7255234170686,0.4562502474857216,44.999095434890044,385.91814041137695,0.0,198.97209763091215,14687.0,1.0,0.003738002645023984,0.22425460815429688,0.0,0.0,0.7651798497266039,1.232624829497245,133.2437969893311,0.0,0.6780148441997427,159.0,119.85050204351873,0.0,149.2036220703125
